{
  "forms": {
    "test_form": {
      "skipOnSuccessMessage": true,
      "prefill": {},
      "submissionURL": "",
      "successCheck": "async (formData) => { return true; }",
      "onFailure": {
        "message": "Form submission failed",
        "sideEffect": "async (formData) => { console.log(formData); }",
        "next": {
          "type": "url",
          "id": "google"
        }
      },
      "name": "Jumping Form First",
      "isSuccess": "async (formData) => { console.log('From isSuccess', formData.getElementsByTagName('reg_no')[0].textContent); return formData.getElementsByTagName('reg_no')[0].textContent === 'registration123'; }",
      "messageOnFailure": "Form submission failed",
      "messageOnSuccess": "Form submitted successfully or Maybe you are already registered",
      "onFormSuccess": "async (formData) => { return JSON.parse(decodeURIComponent('%7B%0A%20%20%20%20%20%20%20%20%22name%22%3A%20%22DEVA%22%2C%0A%20%20%20%20%20%20%20%20%22batch%22%3A%20%222021-2023%22%2C%0A%20%20%20%20%20%20%20%20%22id%22%3A%208%2C%0A%20%20%20%20%20%20%20%20%22DOB%22%3A%20%222005-03-04%22%2C%0A%20%20%20%20%20%20%20%20%22affiliationType%22%3A%20%22NCVT%22%2C%0A%20%20%20%20%20%20%20%20%22registrationNumber%22%3A%20%22ICA211021569832%22%2C%0A%20%20%20%20%20%20%20%20%22tradeName%22%3A%20%22Electrician%22%2C%0A%20%20%20%20%20%20%20%20%22iti%22%3A%207%2C%0A%20%20%20%20%20%20%20%20%22industry%22%3A%201%2C%0A%20%20%20%20%20%20%20%20%22itiByIti%22%3A%20%7B%0A%20%20%20%20%20%20%20%20%20%20%20%20%22id%22%3A%207%2C%0A%20%20%20%20%20%20%20%20%20%20%20%20%22name%22%3A%20%22GITI%20Nagina%22%0A%20%20%20%20%20%20%20%20%7D%2C%0A%20%20%20%20%20%20%20%20%22industryByIndustry%22%3A%20%7B%0A%20%20%20%20%20%20%20%20%20%20%20%20%22id%22%3A%201%2C%0A%20%20%20%20%20%20%20%20%20%20%20%20%22name%22%3A%20%22Kaushal%20Bhawan%22%2C%0A%20%20%20%20%20%20%20%20%20%20%20%20%22latitude%22%3A%2030.695753%2C%0A%20%20%20%20%20%20%20%20%20%20%20%20%22longitude%22%3A%2076.872025%2C%0A%20%20%20%20%20%20%20%20%20%20%20%20%22schedules%22%3A%20%5B%0A%20%20%20%20%20%20%20%20%20%20%20%20%20%20%20%20%7B%0A%20%20%20%20%20%20%20%20%20%20%20%20%20%20%20%20%20%20%20%20%22is_industry%22%3A%20true%0A%20%20%20%20%20%20%20%20%20%20%20%20%20%20%20%20%7D%0A%20%20%20%20%20%20%20%20%20%20%20%20%5D%0A%20%20%20%20%20%20%20%20%7D%0A%20%20%20%20%7D')); }",
      "onFormFailure": "async (formData) => { console.log(formData); }",
      "onSuccess": {
        "notificationMessage": "Form submitted successfully",
        "sideEffect": "async (formData) => { console.log(formData); }",
        "message": "Form submitted successfully",
        "next": {
          "type": "form",
          "id": "jumping_form_2"
        }
      }
    },
    "jumping_form_2": {
      "skipOnSuccessMessage": true,
      "submissionURL": "",
      "name": " Jumping Form Second",
      "isSuccess": "async (formData) => { console.log('From isSuccess', formData.getElementsByTagName('reg_no')[0].textContent); return formData.getElementsByTagName('reg_no')[0].textContent === 'registration123'; }",
      "messageOnFailure": "Form submission failed",
      "messageOnSuccess": "Form submitted successfully",
      "onFormSuccess": "async (formData) => { return JSON.parse(decodeURIComponent('%7B%0A%20%20%20%20%20%20%20%20%22name%22%3A%20%22DEVA%22%2C%0A%20%20%20%20%20%20%20%20%22batch%22%3A%20%222021-2023%22%2C%0A%20%20%20%20%20%20%20%20%22id%22%3A%208%2C%0A%20%20%20%20%20%20%20%20%22DOB%22%3A%20%222005-03-04%22%2C%0A%20%20%20%20%20%20%20%20%22affiliationType%22%3A%20%22NCVT%22%2C%0A%20%20%20%20%20%20%20%20%22registrationNumber%22%3A%20%22ICA211021569832%22%2C%0A%20%20%20%20%20%20%20%20%22tradeName%22%3A%20%22Electrician%22%2C%0A%20%20%20%20%20%20%20%20%22iti%22%3A%207%2C%0A%20%20%20%20%20%20%20%20%22industry%22%3A%201%2C%0A%20%20%20%20%20%20%20%20%22itiByIti%22%3A%20%7B%0A%20%20%20%20%20%20%20%20%20%20%20%20%22id%22%3A%207%2C%0A%20%20%20%20%20%20%20%20%20%20%20%20%22name%22%3A%20%22GITI%20Nagina%22%0A%20%20%20%20%20%20%20%20%7D%2C%0A%20%20%20%20%20%20%20%20%22industryByIndustry%22%3A%20%7B%0A%20%20%20%20%20%20%20%20%20%20%20%20%22id%22%3A%201%2C%0A%20%20%20%20%20%20%20%20%20%20%20%20%22name%22%3A%20%22Kaushal%20Bhawan%22%2C%0A%20%20%20%20%20%20%20%20%20%20%20%20%22latitude%22%3A%2030.695753%2C%0A%20%20%20%20%20%20%20%20%20%20%20%20%22longitude%22%3A%2076.872025%2C%0A%20%20%20%20%20%20%20%20%20%20%20%20%22schedules%22%3A%20%5B%0A%20%20%20%20%20%20%20%20%20%20%20%20%20%20%20%20%7B%0A%20%20%20%20%20%20%20%20%20%20%20%20%20%20%20%20%20%20%20%20%22is_industry%22%3A%20true%0A%20%20%20%20%20%20%20%20%20%20%20%20%20%20%20%20%7D%0A%20%20%20%20%20%20%20%20%20%20%20%20%5D%0A%20%20%20%20%20%20%20%20%7D%0A%20%20%20%20%7D')); }",
      "onFormFailure": "async (formData) => { console.log(formData); }",
      "onSuccess": {
        "notificationMessage": "Form submitted successfully",
        "sideEffect": "async (formData) => { console.log(formData); }",
        "message": "Form submitted successfully",
        "next": {
          "type": "url",
          "url": "https://google.com"
        }
      }
    }
  },
  "startingForm": "test_form",
  "metaData": {}
}