{
    "forms": {
        "paramedical": {
            "skipOnSuccessMessage": true,
            "prefill": {},
            "submissionURL": "",
            "name": "paramedical",
            "successCheck": "async (formData) => { return true; }",
            "onSuccess": {
                "notificationMessage": "Form submitted successfully",
                "sideEffect": "async (formData) => { console.log(formData); }"
            },
            "onFailure": {
                "message": "Form submission failed",
                "sideEffect": "async (formData) => { console.log(formData); }",
                "next": {
                    "type": "url",
                    "id": "google"
                }
            }
        }
    },
    "start": "paramedical",
    "metaData": {}
}